{
    "0": {
        "mean": 0.7639187485211931,
        "stdev": 0.1909261972302853
    },
    "1": {
        "mean": 0.8263633175465956,
        "stdev": 0.2555311803642226
    },
    "2": {
        "mean": 0.8718989424225216,
        "stdev": 0.219342501097046
    },
    "3": {
        "mean": 0.9119308780657454,
        "stdev": 0.14121197082596207
    },
    "4": {
        "mean": 0.9376462313190724,
        "stdev": 0.16370560277967822
    },
    "5": {
        "mean": 0.9572110146551758,
        "stdev": 0.1326781937287291
    },
    "6": {
        "mean": 0.8549952894767162,
        "stdev": 0.22769117399562658
    },
    "7": {
        "mean": 0.9349932778320189,
        "stdev": 0.1565619656481778
    },
    "8": {
        "mean": 0.7191551051973679,
        "stdev": 0.2588367086068618
    },
    "9": {
        "mean": 0.7716118319952211,
        "stdev": 0.2193469378960213
    },
    "10": {
        "mean": 0.7273202405089463,
        "stdev": 0.2244995344138247
    },
    "11": {
        "mean": 0.8417695757787217,
        "stdev": 0.1837271916526083
    },
    "12": {
        "mean": 0.7447981197812155,
        "stdev": 0.304471713357934
    },
    "13": {
        "mean": 0.8611176611625184,
        "stdev": 0.20709505832125358
    },
    "14": {
        "mean": 0.9685002412579855,
        "stdev": 0.07027892098253963
    },
    "15": {
        "mean": 0.8414048108207761,
        "stdev": 0.18726766074875179
    },
    "16": {
        "mean": 0.7509595154960704,
        "stdev": 0.24072565094938392
    },
    "17": {
        "mean": 0.7689180176030046,
        "stdev": 0.23264737319959095
    },
    "18": {
        "mean": 0.7983441322401466,
        "stdev": 0.21161279689317283
    },
    "19": {
        "mean": 0.8107207438097118,
        "stdev": 0.20829757260345513
    },
    "20": {
        "mean": 0.6261816836236668,
        "stdev": 0.21386300129256344
    },
    "21": {
        "mean": 0.9084555915394852,
        "stdev": 0.19796453022987967
    },
    "22": {
        "mean": 0.870023036235182,
        "stdev": 0.2308676036516953
    },
    "23": {
        "mean": 0.9119204661695696,
        "stdev": 0.18627013838319154
    },
    "24": {
        "mean": 0.9272972902790828,
        "stdev": 0.1595745733829738
    },
    "25": {
        "mean": 0.6911065117534649,
        "stdev": 0.21081548445127174
    },
    "26": {
        "mean": 0.912371240248627,
        "stdev": 0.1961600341589615
    },
    "27": {
        "mean": 0.838235136074532,
        "stdev": 0.17249950003934755
    },
    "28": {
        "mean": 0.6485701452977595,
        "stdev": 0.22118303453686955
    },
    "29": {
        "mean": 0.7459428668466311,
        "stdev": 0.24448525253674863
    },
    "30": {
        "mean": 0.8632063765590694,
        "stdev": 0.15519030661918087
    },
    "31": {
        "mean": 0.9129134440513605,
        "stdev": 0.19924256112784683
    },
    "32": {
        "mean": 0.8579371242144367,
        "stdev": 0.2145149662287388
    },
    "33": {
        "mean": 0.8847811374333756,
        "stdev": 0.18572890023312857
    },
    "34": {
        "mean": 0.9216386244213305,
        "stdev": 0.1707491453274158
    },
    "35": {
        "mean": 0.9616222872807254,
        "stdev": 0.11912257021296643
    },
    "36": {
        "mean": 0.8054609064969891,
        "stdev": 0.22621472929232622
    },
    "37": {
        "mean": 0.8838356322551673,
        "stdev": 0.18251749095515762
    },
    "38": {
        "mean": 0.7208219969712988,
        "stdev": 0.25675876777242845
    },
    "39": {
        "mean": 0.8687542974330629,
        "stdev": 0.2129563775819436
    },
    "40": {
        "mean": 0.7320695829057586,
        "stdev": 0.3270816809608462
    },
    "41": {
        "mean": 0.7927688325654211,
        "stdev": 0.21721295109948557
    },
    "42": {
        "mean": 0.843542081508144,
        "stdev": 0.19278731551243194
    },
    "43": {
        "mean": 0.8314357529489227,
        "stdev": 0.2299798267652527
    },
    "44": {
        "mean": 0.8710845753517522,
        "stdev": 0.19987771074347332
    },
    "45": {
        "mean": 0.9777269492279723,
        "stdev": 0.08308792671317149
    },
    "46": {
        "mean": 0.8793736323735268,
        "stdev": 0.21537489709119617
    },
    "47": {
        "mean": 0.8315598071987064,
        "stdev": 0.21863488835957787
    },
    "48": {
        "mean": 0.8853689403120151,
        "stdev": 0.20836619670461254
    },
    "49": {
        "mean": 0.7489390248517025,
        "stdev": 0.2784420828152996
    },
    "50": {
        "mean": 0.7638031453120795,
        "stdev": 0.2109474352089151
    },
    "51": {
        "mean": 0.7287652822963733,
        "stdev": 0.1930821692346868
    },
    "52": {
        "mean": 0.7741362301402739,
        "stdev": 0.23239961428829156
    },
    "53": {
        "mean": 0.9380464582716568,
        "stdev": 0.1456799834132589
    },
    "54": {
        "mean": 0.8493232419752403,
        "stdev": 0.160528529055427
    },
    "55": {
        "mean": 0.729121442827732,
        "stdev": 0.23509162226613312
    },
    "56": {
        "mean": 0.9007697943478181,
        "stdev": 0.2178881964455344
    },
    "57": {
        "mean": 0.8548920332419068,
        "stdev": 0.2084116198885707
    },
    "58": {
        "mean": 0.6863543403528263,
        "stdev": 0.22115915286847435
    },
    "59": {
        "mean": 0.8256489412813921,
        "stdev": 0.2245520045918108
    },
    "60": {
        "mean": 0.9139767510859993,
        "stdev": 0.11402427739113603
    },
    "61": {
        "mean": 0.7970621903295032,
        "stdev": 0.22255533351564624
    },
    "62": {
        "mean": 0.9083677530698893,
        "stdev": 0.1745183910194945
    },
    "63": {
        "mean": 0.8880537596666649,
        "stdev": 0.16791179257868574
    },
    "64": {
        "mean": 0.8695753679063346,
        "stdev": 0.21601738635025283
    },
    "65": {
        "mean": 0.9342450655569138,
        "stdev": 0.14677241362365187
    },
    "66": {
        "mean": 0.8668080467352902,
        "stdev": 0.20144397788163887
    },
    "67": {
        "mean": 0.7363034082114922,
        "stdev": 0.30227425567029054
    },
    "68": {
        "mean": 0.7513953963539188,
        "stdev": 0.21405613843707474
    },
    "69": {
        "mean": 0.8234488587747233,
        "stdev": 0.20430852410737896
    },
    "70": {
        "mean": 0.7043178511114325,
        "stdev": 0.23008984953038555
    },
    "71": {
        "mean": 0.7419602244988672,
        "stdev": 0.2112165123968732
    },
    "72": {
        "mean": 0.816416857327052,
        "stdev": 0.22858877574312894
    },
    "73": {
        "mean": 0.982327160183686,
        "stdev": 0.05461106612572632
    },
    "74": {
        "mean": 0.7402313785766903,
        "stdev": 0.23490601143534076
    },
    "75": {
        "mean": 0.7179215135259427,
        "stdev": 0.2295599817406492
    },
    "76": {
        "mean": 0.7070746578267786,
        "stdev": 0.2830447842145727
    },
    "77": {
        "mean": 0.7734527270219046,
        "stdev": 0.24422165604300294
    },
    "78": {
        "mean": 0.8329212320146907,
        "stdev": 0.2550645571898907
    },
    "79": {
        "mean": 0.6971070353036135,
        "stdev": 0.2597801846023266
    },
    "80": {
        "mean": 0.7772413975253236,
        "stdev": 0.21142577889333145
    },
    "81": {
        "mean": 0.7765466062203237,
        "stdev": 0.23482206372010836
    },
    "82": {
        "mean": 0.832954597697862,
        "stdev": 0.19639017190964397
    },
    "83": {
        "mean": 0.6039590190167325,
        "stdev": 0.16754012548355568
    },
    "84": {
        "mean": 0.8822240097065635,
        "stdev": 0.2103418000233793
    },
    "85": {
        "mean": 0.777398568191883,
        "stdev": 0.20422598797927619
    },
    "86": {
        "mean": 0.8716525876114303,
        "stdev": 0.18011680839828684
    },
    "87": {
        "mean": 0.8292406071260381,