{
    "O": {
        "mean": 0.19056307284116125,
        "stdev": 0.6560240872747974
    },
    "C": {
        "mean": 0.017405605384359066,
        "stdev": 0.4926284522462415
    },
    "E": {
        "mean": 0.13719573228131596,
        "stdev": 0.49621075257270436
    },
    "A": {
        "mean": 0.08420819278084764,
        "stdev": 0.482848692840554
    },
    "N": {
        "mean": 0.02447706085132419,
        "stdev": 0.5284996641228416
    }
}