{
    "0": {
        "mean": -0.7776798283608514,
        "stdev": 0.5928044036929245
    },
    "1": {
        "mean": 0.5996595132903166,
        "stdev": 0.7990822704358865
    },
    "2": {
        "mean": 0.789479348574423,
        "stdev": 0.596712523899179
    },
    "3": {
        "mean": 0.4010299393306923,
        "stdev": 0.9148326671362437
    },
    "4": {
        "mean": -0.20154583897492556,
        "stdev": 0.9753011642955646
    },
    "5": {
        "mean": -0.9781146053108387,
        "stdev": 0.009222101415665054
    },
    "6": {
        "mean": 0.6134549265829264,
        "stdev": 0.7733920233807297
    },
    "7": {
        "mean": 0.9999063807521452,
        "stdev": 4.730793742379803e-05
    },
    "8": {
        "mean": 0.5843630031602516,
        "stdev": 0.5137719320553544
    },
    "9": {
        "mean": 0.9806366847988102,
        "stdev": 0.03164517304967355
    },
    "10": {
        "mean": -0.9890032870345749,
        "stdev": 0.01940735782595579
    },
    "11": {
        "mean": 0.6045722384737019,
        "stdev": 0.7904697999520579
    },
    "12": {
        "mean": 0.7013509549105947,
        "stdev": 0.6372994968366595
    },
    "13": {
        "mean": 0.7813100306706474,
        "stdev": 0.592278677434255
    },
    "14": {
        "mean": 0.8000560367778234,
        "stdev": 0.5995917122100101
    },
    "15": {
        "mean": -0.9969009334221482,
        "stdev": 0.00039397608022258333
    },
    "16": {
        "mean": -0.1756959022837691,
        "stdev": 0.6000496176043445
    },
    "17": {
        "mean": 0.8209206412469939,
        "stdev": 0.5345098751519874
    },
    "18": {
        "mean": 0.801058255517637,
        "stdev": 0.5966206761154542
    },
    "19": {
        "mean": 0.999894455613321,
        "stdev": 1.586977299005302e-05
    },
    "20": {
        "mean": 0.15750491014041473,
        "stdev": 0.7610810434988347
    },
    "21": {
        "mean": 0.7996770578018186,
        "stdev": 0.5993881409555676
    },
    "22": {
        "mean": 0.9998881464540318,
        "stdev": 0.00011609899301586363
    },
    "23": {
        "mean": 0.3970945971188485,
        "stdev": 0.9033088598915896
    },
    "24": {
        "mean": 0.9998887375379126,
        "stdev": 7.315011854340341e-05
    },
    "25": {
        "mean": -0.9765311917697546,
        "stdev": 0.019260593637641994
    },
    "26": {
        "mean": 0.8017891227063956,
        "stdev": 0.5944232484581107
    },
    "27": {
        "mean": 0.7411236812011339,
        "stdev": 0.5751371412743681
    },
    "28": {
        "mean": 0.7800511849927716,
        "stdev": 0.5929342264250665
    },
    "29": {
        "mean": 0.24495317209148199,
        "stdev": 0.7936660412734369
    },
    "30": {
        "mean": 0.18997195198899136,
        "stdev": 0.969402014887639
    },
    "31": {
        "mean": 0.7999885887060373,
        "stdev": 0.5996424399391663
    },
    "32": {
        "mean": 0.9946190892034792,
        "stdev": 0.01499948079724466
    },
    "33": {
        "mean": 0.39821003401957566,
        "stdev": 0.9117151467086172
    },
    "34": {
        "mean": 0.6003373745152203,
        "stdev": 0.7991598679054124
    },
    "35": {
        "mean": -0.9937881829973776,
        "stdev": 0.006475733430378181
    },
    "36": {
        "mean": 0.614914312383189,
        "stdev": 0.7463201872218417
    },
    "37": {
        "mean": 0.9999224542847515,
        "stdev": 6.405526954726647e-06
    },
    "38": {
        "mean": -0.5249606946374115,
        "stdev": 0.763220759024625
    },
    "39": {
        "mean": -0.9655570582486689,
        "stdev": 0.0363251847358507
    },
    "40": {
        "mean": -0.5987884559584927,
        "stdev": 0.7993551094772902
    },
    "41": {
        "mean": 0.22209545444929973,
        "stdev": 0.9274733995750047
    },
    "42": {
        "mean": 0.6287296935523046,
        "stdev": 0.7277805710440943
    },
    "43": {
        "mean": 0.4999677522362617,
        "stdev": 0.7692019614106155
    },
    "44": {
        "mean": 0.6094795752440405,
        "stdev": 0.7811497836178973
    },
    "45": {
        "mean": -0.7934170939541219,
        "stdev": 0.5977853650937982
    },
    "46": {
        "mean": 0.5905095216829068,
        "stdev": 0.7917152774299844
    },
    "47": {
        "mean": -0.5651897116964392,
        "stdev": 0.7835943762566419
    },
    "48": {
        "mean": -0.8026183000358287,
        "stdev": 0.5754691166067836
    },
    "49": {
        "mean": 0.8001859252999566,
        "stdev": 0.5986869408297665
    },
    "50": {
        "mean": 0.6086255396934576,
        "stdev": 0.776977984770946
    },
    "51": {
        "mean": 0.9037671554215194,
        "stdev": 0.22744935129392874
    },
    "52": {
        "mean": -0.5963988952513318,
        "stdev": 0.7879398042388179
    },
    "53": {
        "mean": 0.9601534527995682,
        "stdev": 0.119319138343999
    },
    "54": {
        "mean": 0.5942812240919011,
        "stdev": 0.7945969865409646
    },
    "55": {
        "mean": 0.7813371847441886,
        "stdev": 0.5934946511613748
    },
    "56": {
        "mean": 0.9999255977629218,
        "stdev": 3.0596064374571478e-06
    },
    "57": {
        "mean": -0.09556910386709205,
        "stdev": 0.8662384377635769
    },
    "58": {
        "mean": -0.43812505789101125,
        "stdev": 0.6766035600780415
    },
    "59": {
        "mean": -0.17181154471909393,
        "stdev": 0.9541495971354543
    },
    "60": {
        "mean": -0.9966102696373127,
        "stdev": 0.0007693822473739144
    },
    "61": {
        "mean": -0.9881059024657588,
        "stdev": 0.010051889262099658
    },
    "62": {
        "mean": 0.9490662519849138,
        "stdev": 0.0703380221722019
    },
    "63": {
        "mean": 0.40092404221868494,
        "stdev": 0.915000050692236
    },
    "64": {
        "mean": -0.38588685300492215,
        "stdev": 0.9054911101690934
    },
    "65": {
        "mean": -0.9976734014751856,
        "stdev": 0.0003489466636168495
    },
    "66": {
        "mean": -0.5743746749183629,
        "stdev": 0.7865110397127281
    },
    "67": {
        "mean": -0.7989297599237034,
        "stdev": 0.5996227641432218
    },
    "68": {
        "mean": -0.08065848385740537,
        "stdev": 0.9100077581549252
    },
    "69": {
        "mean": -0.20550737654084514,
        "stdev": 0.9692267255925937
    },
    "70": {
        "mean": -0.9977770341647556,
        "stdev": 0.0013830643658916271
    },
    "71": {
        "mean": 0.2003301773871499,
        "stdev": 0.9761684428133968
    },
    "72": {
        "mean": 0.560767763365584,
        "stdev": 0.7351441335491775
    },
    "73": {
        "mean": -0.991950730746612,
        "stdev": 0.0071585711609972805
    },
    "74": {
        "mean": -0.6712017173536878,
        "stdev": 0.5647138285426397
    },
    "75": {
        "mean": -0.17902924615627852,
        "stdev": 0.9628220311981752
    },
    "76": {
        "mean": 0.6049694167515554,
        "stdev": 0.7890563750252856
    },
    "77": {
        "mean": -0.5978610103593383,
        "stdev": 0.7988851534764808
    },
    "78": {
        "mean": -0.5990507546201116,
        "stdev": 0.7985878355171915
    },
    "79": {
        "mean": 0.2292657533846068,
        "stdev": 0.9395407961330678
    },
    "80": {
        "mean": 0.9566283080348512,
        "stdev": 0.06738052116475372
    },
    "81": {
        "mean": 0.6115000549212709,
        "stdev": 0.7575939391803964
    },
    "82": {
        "mean": 0.0004411777888890356,
        "stdev": 0.9989128435082854
    },
    "83": {
        "mean": 0.4002141857999959,
        "stdev": 0.9160657604696235
    },
    "84": {
        "mean": -0.8010300598078175,
        "stdev": 0.5945084440580316
    },
    "85": {
        "mean": -0.6060537285869941,
        "stdev": 0.7855747057412932
    },
    "86": {
        "mean": 0.9999347672594012,
        "stdev": 2.4303736468871535e-06
    },