{
    "0": {
        "mean": 0.8735642211786099,
        "stdev": 0.14065510984432839
    },
    "1": {
        "mean": 0.7839846819148611,
        "stdev": 0.2840477470823825
    },
    "2": {
        "mean": 0.8826461111201017,
        "stdev": 0.21056732938385342
    },
    "3": {
        "mean": 0.8422968907950249,
        "stdev": 0.16061185164357802
    },
    "4": {
        "mean": 0.5478877153975633,
        "stdev": 0.31958730215554837
    },
    "5": {
        "mean": 0.9817724100604428,
        "stdev": 0.08327776302042646
    },
    "6": {
        "mean": 0.8393710126287142,
        "stdev": 0.24932185877203422
    },
    "7": {
        "mean": 0.9432708364776423,
        "stdev": 0.1507413733584318
    },
    "8": {
        "mean": 0.8026779449778413,
        "stdev": 0.25772616577896046
    },
    "9": {
        "mean": 0.8680060951874917,
        "stdev": 0.16581127486103756
    },
    "10": {
        "mean": 0.7386985367379142,
        "stdev": 0.21654952336716127
    },
    "11": {
        "mean": 0.8141649393735946,
        "stdev": 0.20578455011280877
    },
    "12": {
        "mean": 0.7758993675593165,
        "stdev": 0.26704385201275105
    },
    "13": {
        "mean": 0.9319132657925561,
        "stdev": 0.15815987044821822
    },
    "14": {
        "mean": 0.9573353494206875,
        "stdev": 0.05330223641973806
    },
    "15": {
        "mean": 0.8796216992587801,
        "stdev": 0.17333990613400513
    },
    "16": {
        "mean": 0.8698276081828638,
        "stdev": 0.19110586963135623
    },
    "17": {
        "mean": 0.7889910270839213,
        "stdev": 0.2339509195420114
    },
    "18": {
        "mean": 0.9066931555508609,
        "stdev": 0.17329559193683294
    },
    "19": {
        "mean": 0.8345974823068644,
        "stdev": 0.21089862181222965
    },
    "20": {
        "mean": 0.8473843281318153,
        "stdev": 0.2163533994450918
    },
    "21": {
        "mean": 0.7954965179900804,
        "stdev": 0.22405551539078483
    },
    "22": {
        "mean": 0.9020317327228412,
        "stdev": 0.17500861055901668
    },
    "23": {
        "mean": 0.817925466613953,
        "stdev": 0.2375255672119917
    },
    "24": {
        "mean": 0.9396469533859729,
        "stdev": 0.1467751330916008
    },
    "25": {
        "mean": 0.8707910421947179,
        "stdev": 0.204269243608153
    },
    "26": {
        "mean": 0.7812177028222478,
        "stdev": 0.2622940925226452
    },
    "27": {
        "mean": 0.892692078413498,
        "stdev": 0.12094798176804604
    },
    "28": {
        "mean": 0.8933642299757372,
        "stdev": 0.1979287237244024
    },
    "29": {
        "mean": 0.7127758715228281,
        "stdev": 0.24204584302715834
    },
    "30": {
        "mean": 0.7617443936788799,
        "stdev": 0.1654261959451323
    },
    "31": {
        "mean": 0.8098591714222001,
        "stdev": 0.3095557173747878
    },
    "32": {
        "mean": 0.7689261329820449,
        "stdev": 0.282046974742089
    },
    "33": {
        "mean": 0.792112313095938,
        "stdev": 0.2179263263654398
    },
    "34": {
        "mean": 0.8651082965721608,
        "stdev": 0.25668473429172917
    },
    "35": {
        "mean": 0.9985142285490114,
        "stdev": 0.003598056586649678
    },
    "36": {
        "mean": 0.769825678949009,
        "stdev": 0.22427007335654647
    },
    "37": {
        "mean": 0.8965948787476773,
        "stdev": 0.16493830319488145
    },
    "38": {
        "mean": 0.9053492815401216,
        "stdev": 0.18718546722660595
    },
    "39": {
        "mean": 0.7214988942521998,
        "stdev": 0.2359513210070529
    },
    "40": {
        "mean": 0.8959940015487076,
        "stdev": 0.2273037558984725
    },
    "41": {
        "mean": 0.8186377225148668,
        "stdev": 0.22177910861174968
    },
    "42": {
        "mean": 0.8633391722006013,
        "stdev": 0.17553287362042502
    },
    "43": {
        "mean": 0.9197228056988509,
        "stdev": 0.1565742960043036
    },
    "44": {
        "mean": 0.8321434891253363,
        "stdev": 0.22561055946453187
    },
    "45": {
        "mean": 0.9352750610531213,
        "stdev": 0.1566884869988599
    },
    "46": {
        "mean": 0.8806713822347089,
        "stdev": 0.20014054639443815
    },
    "47": {
        "mean": 0.6946199114019492,
        "stdev": 0.2013572554117588
    },
    "48": {
        "mean": 0.8725613933076852,
        "stdev": 0.22088591357236823
    },
    "49": {
        "mean": 0.8479959596436784,
        "stdev": 0.22691900401840542
    },
    "50": {
        "mean": 0.7869303166699109,
        "stdev": 0.21975104845455704
    },
    "51": {
        "mean": 0.8143952948932549,
        "stdev": 0.19755110608230395
    },
    "52": {
        "mean": 0.741494930338513,
        "stdev": 0.26979856182097683
    },
    "53": {
        "mean": 0.890888470830279,
        "stdev": 0.2095966865359514
    },
    "54": {
        "mean": 0.8465334718317777,
        "stdev": 0.1793004854742365
    },
    "55": {
        "mean": 0.8270904111149342,
        "stdev": 0.2222865907409975
    },
    "56": {
        "mean": 0.9314863469428134,
        "stdev": 0.17627178988331896
    },
    "57": {
        "mean": 0.6974210474373362,
        "stdev": 0.2317512252381514
    },
    "58": {
        "mean": 0.8266044983319014,
        "stdev": 0.230024332688149
    },
    "59": {
        "mean": 0.7226113192866593,
        "stdev": 0.26056463291203164
    },
    "60": {
        "mean": 0.942765478370415,
        "stdev": 0.08074777805371137
    },
    "61": {
        "mean": 0.9099498375688393,
        "stdev": 0.16273782872573553
    },
    "62": {
        "mean": 0.8755260159491731,
        "stdev": 0.12634238250676083
    },
    "63": {
        "mean": 0.8208364705963281,
        "stdev": 0.21889623257531293
    },
    "64": {
        "mean": 0.5499895464231525,
        "stdev": 0.31343387244960724
    },
    "65": {
        "mean": 0.9666638369088709,
        "stdev": 0.11941523243820237
    },
    "66": {
        "mean": 0.7301942155609723,
        "stdev": 0.2284921704993807
    },
    "67": {
        "mean": 0.8132257267988094,
        "stdev": 0.2688208979894003
    },
    "68": {
        "mean": 0.8326040746383923,
        "stdev": 0.2078282049678803
    },
    "69": {
        "mean": 0.8790776076185973,
        "stdev": 0.16649497467817037
    },
    "70": {
        "mean": 0.800811034284066,
        "stdev": 0.2222000255835239
    },
    "71": {
        "mean": 0.7286928548191483,
        "stdev": 0.2107030910101665
    },
    "72": {
        "mean": 0.7718318906406141,
        "stdev": 0.24430643164982166
    },
    "73": {
        "mean": 0.9626445916521567,
        "stdev": 0.11523600332021783
    },
    "74": {
        "mean": 0.7177623631426375,
        "stdev": 0.23999443069635162
    },
    "75": {
        "mean": 0.7041974405612148,
        "stdev": 0.21972333936029134
    },
    "76": {
        "mean": 0.792213983918198,
        "stdev": 0.24825107615887806
    },
    "77": {
        "mean": 0.8029809657589397,
        "stdev": 0.2530329339324361
    },
    "78": {
        "mean": 0.8833085372340552,
        "stdev": 0.21089294842209247
    },
    "79": {
        "mean": 0.7150501462678107,
        "stdev": 0.254063522116133
    },
    "80": {
        "mean": 0.7544608217953832,
        "stdev": 0.20362716675123463
    },
    "81": {
        "mean": 0.7294044494605426,
        "stdev": 0.24188887902482373
    },
    "82": {
        "mean": 0.7030353685806903,
        "stdev": 0.2249648336044341
    },
    "83": {
        "mean": 0.6106992016749943,
        "stdev": 0.18781000756101013
    },
    "84": {
        "mean": 0.8368740789714392,
        "stdev": 0.22413632369756797
    },
    "85": {
        "mean": 0.8081998633214285,
        "stdev": 0.1731152249939444
    },
    "86": {
        "mean": 0.9258372091095293,
        "stdev": 0.12576172168672245
    },
    "87": {
        "mean": 0.8534518217924199,