{
    "0": {
        "mean": -0.6368100653438887,
        "stdev": 0.7445241609493771
    },
    "1": {
        "mean": 0.7168246757140514,
        "stdev": 0.6849324327718265
    },
    "2": {
        "mean": 0.5318828514565029,
        "stdev": 0.8289742617750413
    },
    "3": {
        "mean": 0.7911233724404519,
        "stdev": 0.588949246301286
    },
    "4": {
        "mean": 0.6189659478477187,
        "stdev": 0.7554956670832855
    },
    "5": {
        "mean": -0.8021544885670301,
        "stdev": 0.553010575929478
    },
    "6": {
        "mean": 0.6078297320442653,
        "stdev": 0.7796832322153879
    },
    "7": {
        "mean": 0.7975291090384781,
        "stdev": 0.5818763498765238
    },
    "8": {
        "mean": 0.19060947445192142,
        "stdev": 0.884696500899975
    },
    "9": {
        "mean": 0.6639762999937375,
        "stdev": 0.7020507464952316
    },
    "10": {
        "mean": -0.6923305004267604,
        "stdev": 0.7094554842032555
    },
    "11": {
        "mean": 0.7245633630316297,
        "stdev": 0.6733449779717435
    },
    "12": {
        "mean": 0.24063976893434302,
        "stdev": 0.9561076407325839
    },
    "13": {
        "mean": 0.5805507296646101,
        "stdev": 0.7966737028058276
    },
    "14": {
        "mean": 0.8843946085634161,
        "stdev": 0.43647951556943043
    },
    "15": {
        "mean": -0.6487862856565698,
        "stdev": 0.7222371055036306
    },
    "16": {
        "mean": -0.13433232701052475,
        "stdev": 0.7862816157488274
    },
    "17": {
        "mean": 0.5213434940944353,
        "stdev": 0.7987480023073816
    },
    "18": {
        "mean": 0.5851735813712367,
        "stdev": 0.7954892830101766
    },
    "19": {
        "mean": 0.6246622866156031,
        "stdev": 0.766943970645252
    },
    "20": {
        "mean": -0.06067785513132549,
        "stdev": 0.8690310300061062
    },
    "21": {
        "mean": 0.7644647013586837,
        "stdev": 0.6155679801041016
    },
    "22": {
        "mean": 0.5540751623912729,
        "stdev": 0.8147582229782651
    },
    "23": {
        "mean": 0.7890330056005769,
        "stdev": 0.5832265407175853
    },
    "24": {
        "mean": 0.7809912465721208,
        "stdev": 0.6207126652584245
    },
    "25": {
        "mean": -0.6178659189683458,
        "stdev": 0.7613138681470677
    },
    "26": {
        "mean": 0.8571989330061478,
        "stdev": 0.4952384421709836
    },
    "27": {
        "mean": -0.2550731577668193,
        "stdev": 0.8940239275243056
    },
    "28": {
        "mean": 0.027325594309768348,
        "stdev": 0.9580784995416747
    },
    "29": {
        "mean": -0.04364773100187449,
        "stdev": 0.8970669745757308
    },
    "30": {
        "mean": -0.8392097519342496,
        "stdev": 0.5130472106181182
    },
    "31": {
        "mean": 0.8890956747329619,
        "stdev": 0.43589101810189235
    },
    "32": {
        "mean": 0.7221823342678181,
        "stdev": 0.6837976150264918
    },
    "33": {
        "mean": 0.6700773704991662,
        "stdev": 0.7279099142572514
    },
    "34": {
        "mean": 0.8925264596021225,
        "stdev": 0.42724359587212835
    },
    "35": {
        "mean": -0.8054643752832271,
        "stdev": 0.550981300483166
    },
    "36": {
        "mean": 0.38658860674255263,
        "stdev": 0.7046183700120922
    },
    "37": {
        "mean": 0.7078359522435858,
        "stdev": 0.6911316916182856
    },
    "38": {
        "mean": -0.46092426548693766,
        "stdev": 0.8327953209920387
    },
    "39": {
        "mean": -0.5468686367951523,
        "stdev": 0.8121721625918545
    },
    "40": {
        "mean": -0.7750411484723372,
        "stdev": 0.6180550959042539
    },
    "41": {
        "mean": 0.48462451965937364,
        "stdev": 0.8302507978733509
    },
    "42": {
        "mean": 0.021908483836632513,
        "stdev": 0.9919841646831096
    },
    "43": {
        "mean": 0.2111712314860415,
        "stdev": 0.8872157854980465
    },
    "44": {
        "mean": 0.5598506898389314,
        "stdev": 0.8143235136344615
    },
    "45": {
        "mean": -0.8507864401757979,
        "stdev": 0.48054733187191145
    },
    "46": {
        "mean": 0.7327832543324075,
        "stdev": 0.6593587508956533
    },
    "47": {
        "mean": 0.1980478404241876,
        "stdev": 0.9547106717109652
    },
    "48": {
        "mean": -0.6887139363648385,
        "stdev": 0.6742195622134406
    },
    "49": {
        "mean": 0.1858547289498165,
        "stdev": 0.961487422616238
    },
    "50": {
        "mean": -0.09937250602237327,
        "stdev": 0.9463507510450418
    },
    "51": {
        "mean": 0.8756208749277357,
        "stdev": 0.46585117592293906
    },
    "52": {
        "mean": -0.5044801635058684,
        "stdev": 0.808669971228099
    },
    "53": {
        "mean": 0.6284511780285175,
        "stdev": 0.7501431584071698
    },
    "54": {
        "mean": 0.5504171511232562,
        "stdev": 0.802962198226866
    },
    "55": {
        "mean": 0.3517189694913395,
        "stdev": 0.882710220456377
    },
    "56": {
        "mean": 0.7379281481773796,
        "stdev": 0.670423242705568
    },
    "57": {
        "mean": -0.17001507841177954,
        "stdev": 0.9024670502624318
    },
    "58": {
        "mean": -0.14904289490474185,
        "stdev": 0.9127246918345614
    },
    "59": {
        "mean": -0.6828255503379478,
        "stdev": 0.7048952993214483
    },
    "60": {
        "mean": -0.8355259287641092,
        "stdev": 0.5365843893847416
    },
    "61": {
        "mean": -0.3973789691827915,
        "stdev": 0.8720050919147535
    },
    "62": {
        "mean": 0.5425799067539628,
        "stdev": 0.8232221627004409
    },
    "63": {
        "mean": 0.643563243484059,
        "stdev": 0.7566275368270671
    },
    "64": {
        "mean": 0.7496160552559012,
        "stdev": 0.6413931982613286
    },
    "65": {
        "mean": -0.7323729268249736,
        "stdev": 0.6473354968296438
    },
    "66": {
        "mean": -0.003832135930751974,
        "stdev": 0.975463154472682
    },
    "67": {
        "mean": -0.7046447083453313,
        "stdev": 0.6987950538943146
    },
    "68": {
        "mean": 0.42679235865703957,
        "stdev": 0.8144775682047808
    },
    "69": {
        "mean": -0.6647140552346537,
        "stdev": 0.7217344214170878
    },
    "70": {
        "mean": -0.5621633351241689,
        "stdev": 0.8120587971191549
    },
    "71": {
        "mean": 0.5573120667218245,
        "stdev": 0.7974845571746767
    },
    "72": {
        "mean": -0.12037890786021307,
        "stdev": 0.9345484023886139
    },
    "73": {
        "mean": -0.68986846853928,
        "stdev": 0.6792236305603127
    },
    "74": {
        "mean": -0.29678961073535903,
        "stdev": 0.9017256459564968
    },
    "75": {
        "mean": 0.18224794203466443,
        "stdev": 0.9400677362933874
    },
    "76": {
        "mean": 0.43118990890943676,
        "stdev": 0.8697474616566544
    },
    "77": {
        "mean": -0.5188080436918244,
        "stdev": 0.8312945829950062
    },
    "78": {
        "mean": -0.8466284266281218,
        "stdev": 0.506734654998765
    },
    "79": {
        "mean": 0.2013941293452808,
        "stdev": 0.9076198650217198
    },
    "80": {
        "mean": 0.10351827242600847,
        "stdev": 0.954996338830367
    },
    "81": {
        "mean": 0.5290037401616792,
        "stdev": 0.8243639680362181
    },
    "82": {
        "mean": -0.5872351769990928,
        "stdev": 0.7857992998159697
    },
    "83": {
        "mean": 0.5709132363701792,
        "stdev": 0.8036810720656541
    },
    "84": {
        "mean": -0.6305270920236581,
        "stdev": 0.7469680912865182
    },
    "85": {
        "mean": -0.7020027116000347,
        "stdev": 0.7045524166670568
    },
    "86": {
        "mean": 0.7717015517919572,
        "stdev": 0.6264118332244335
    },