{
    "O": {
        "mean": 0.06653791176822627,
        "stdev": 0.5380309578203826
    },
    "C": {
        "mean": 0.1447708392549172,
        "stdev": 0.5053203615610632
    },
    "E": {
        "mean": 0.2743701756271851,
        "stdev": 0.5008119802312543
    },
    "A": {
        "mean": 0.2322850754329223,
        "stdev": 0.5759110453461188
    },
    "N": {
        "mean": 0.06910975254735909,
        "stdev": 0.5279174261283875
    }
}