{
    "O": {
        "mean": 0.820871086184123,
        "stdev": 0.062196773252116526
    },
    "C": {
        "mean": 0.8203105032996897,
        "stdev": 0.08198057239217967
    },
    "E": {
        "mean": 0.7950823576714141,
        "stdev": 0.08775801737878237
    },
    "A": {
        "mean": 0.8040946889345988,
        "stdev": 0.09630945263950556
    },
    "N": {
        "mean": 0.8177303598014983,
        "stdev": 0.09639140279937883
    }
}