{
    "0": {
        "mean": 0.6968236528746451,
        "stdev": 0.18586318744468383
    },
    "1": {
        "mean": 0.7653000592564118,
        "stdev": 0.2661430950760722
    },
    "2": {
        "mean": 0.732638587396303,
        "stdev": 0.2873961649412455
    },
    "3": {
        "mean": 0.8009543474597974,
        "stdev": 0.18670386333119315
    },
    "4": {
        "mean": 0.8650792764682562,
        "stdev": 0.2215499277706373
    },
    "5": {
        "mean": 0.8633112876301641,
        "stdev": 0.25059294126276627
    },
    "6": {
        "mean": 0.8356642739464959,
        "stdev": 0.2450838139962835
    },
    "7": {
        "mean": 0.8194407048485396,
        "stdev": 0.27160763413879385
    },
    "8": {
        "mean": 0.4781019430386728,
        "stdev": 0.2643003527798647
    },
    "9": {
        "mean": 0.8146738232943223,
        "stdev": 0.19537462222652852
    },
    "10": {
        "mean": 0.7581021634604176,
        "stdev": 0.2298289903133426
    },
    "11": {
        "mean": 0.803698086165313,
        "stdev": 0.21102805009259903
    },
    "12": {
        "mean": 0.6440656102828444,
        "stdev": 0.3191972549327205
    },
    "13": {
        "mean": 0.7544919087646227,
        "stdev": 0.2921367068250981
    },
    "14": {
        "mean": 0.8031397608021562,
        "stdev": 0.19748784921376086
    },
    "15": {
        "mean": 0.6653522679337418,
        "stdev": 0.16360886384633758
    },
    "16": {
        "mean": 0.8076310468012577,
        "stdev": 0.22157720891500354
    },
    "17": {
        "mean": 0.5684686992820642,
        "stdev": 0.14161963287714566
    },
    "18": {
        "mean": 0.7759459641654155,
        "stdev": 0.2679401774602367
    },
    "19": {
        "mean": 0.8438867066551439,
        "stdev": 0.19249467910597232
    },
    "20": {
        "mean": 0.6700601486852994,
        "stdev": 0.2473866336618967
    },
    "21": {
        "mean": 0.8596157133730528,
        "stdev": 0.22661819275199852
    },
    "22": {
        "mean": 0.8000543532903385,
        "stdev": 0.26098486108897273
    },
    "23": {
        "mean": 0.8436300296905578,
        "stdev": 0.2169242562936987
    },
    "24": {
        "mean": 0.8288095376942762,
        "stdev": 0.2503787149161289
    },
    "25": {
        "mean": 0.5786679129561517,
        "stdev": 0.1820401271596205
    },
    "26": {
        "mean": 0.8865372298166934,
        "stdev": 0.20761445337702827
    },
    "27": {
        "mean": 0.6445949121553025,
        "stdev": 0.18213934102999213
    },
    "28": {
        "mean": 0.6114404336273266,
        "stdev": 0.19029831485420035
    },
    "29": {
        "mean": 0.5716174037966716,
        "stdev": 0.2207762448228028
    },
    "30": {
        "mean": 0.7682851837163747,
        "stdev": 0.20111557443130124
    },
    "31": {
        "mean": 0.8803623467737622,
        "stdev": 0.21820815074348834
    },
    "32": {
        "mean": 0.8300611561311748,
        "stdev": 0.26225776423508157
    },
    "33": {
        "mean": 0.7132856896592591,
        "stdev": 0.22623737498852486
    },
    "34": {
        "mean": 0.819757396362585,
        "stdev": 0.26112200075414504
    },
    "35": {
        "mean": 0.8654152763409417,
        "stdev": 0.23513576975362596
    },
    "36": {
        "mean": 0.641230080208772,
        "stdev": 0.1996502178900663
    },
    "37": {
        "mean": 0.7098394795439471,
        "stdev": 0.2782511528705425
    },
    "38": {
        "mean": 0.6296444684788725,
        "stdev": 0.32902151406540087
    },
    "39": {
        "mean": 0.6091700891096464,
        "stdev": 0.2226829090167294
    },
    "40": {
        "mean": 0.7377446544822159,
        "stdev": 0.2826923442350623
    },
    "41": {
        "mean": 0.6825457551157768,
        "stdev": 0.22855372309167904
    },
    "42": {
        "mean": 0.671936908615666,
        "stdev": 0.2183865825773332
    },
    "43": {
        "mean": 0.7886061846891257,
        "stdev": 0.23154092307788882
    },
    "44": {
        "mean": 0.8484762319937846,
        "stdev": 0.21493349233087872
    },
    "45": {
        "mean": 0.7757719655235567,
        "stdev": 0.2598983226640626
    },
    "46": {
        "mean": 0.8346573298118998,
        "stdev": 0.24213524486175336
    },
    "47": {
        "mean": 0.5869333683075866,
        "stdev": 0.17073720452877172
    },
    "48": {
        "mean": 0.7712268578970864,
        "stdev": 0.24114556461041806
    },
    "49": {
        "mean": 0.6528873350286174,
        "stdev": 0.3297301004657213
    },
    "50": {
        "mean": 0.5997319620339061,
        "stdev": 0.2010038227024289
    },
    "51": {
        "mean": 0.8688761888867752,
        "stdev": 0.1957300696946431
    },
    "52": {
        "mean": 0.7390941464645547,
        "stdev": 0.2546861718333025
    },
    "53": {
        "mean": 0.82603156761678,
        "stdev": 0.24586824975799534
    },
    "54": {
        "mean": 0.7353883648149702,
        "stdev": 0.1682432448917826
    },
    "55": {
        "mean": 0.7806001643458041,
        "stdev": 0.2260960079729484
    },
    "56": {
        "mean": 0.879126253680051,
        "stdev": 0.20494950650655597
    },
    "57": {
        "mean": 0.8056388604624438,
        "stdev": 0.21250573823226193
    },
    "58": {
        "mean": 0.5988014526754538,
        "stdev": 0.18550524478296082
    },
    "59": {
        "mean": 0.7337645685019379,
        "stdev": 0.2647871013144949
    },
    "60": {
        "mean": 0.9017006927248379,
        "stdev": 0.17731898717843866
    },
    "61": {
        "mean": 0.6820298454867741,
        "stdev": 0.229968492643607
    },
    "62": {
        "mean": 0.7473505563504856,
        "stdev": 0.30659391321157115
    },
    "63": {
        "mean": 0.7673287107270376,
        "stdev": 0.18991867561647685
    },
    "64": {
        "mean": 0.8532963863128695,
        "stdev": 0.2201729068291402
    },
    "65": {
        "mean": 0.7094365595676532,
        "stdev": 0.25507368826822824
    },
    "66": {
        "mean": 0.7298377108022935,
        "stdev": 0.20515542292857492
    },
    "67": {
        "mean": 0.8110240082737401,
        "stdev": 0.25870120583170225
    },
    "68": {
        "mean": 0.7584458165168075,
        "stdev": 0.20483180478784094
    },
    "69": {
        "mean": 0.7097256791927231,
        "stdev": 0.23674561780079037
    },
    "70": {
        "mean": 0.6334608095349827,
        "stdev": 0.20892242978956932
    },
    "71": {
        "mean": 0.622705863052257,
        "stdev": 0.18577742359843166
    },
    "72": {
        "mean": 0.5802992160175995,
        "stdev": 0.17271691826551308
    },
    "73": {
        "mean": 0.7955838409579779,
        "stdev": 0.2505576282104818
    },
    "74": {
        "mean": 0.6541127588612443,
        "stdev": 0.22261030837595544
    },
    "75": {
        "mean": 0.575396669580651,
        "stdev": 0.13653871180100838
    },
    "76": {
        "mean": 0.674075873356139,
        "stdev": 0.2779820412600464
    },
    "77": {
        "mean": 0.7326519049491224,
        "stdev": 0.25641711881884277
    },
    "78": {
        "mean": 0.8826898509914605,
        "stdev": 0.22039698708002126
    },
    "79": {
        "mean": 0.7078314629221707,
        "stdev": 0.27739465690334014
    },
    "80": {
        "mean": 0.6732968043718459,
        "stdev": 0.20466991061834378
    },
    "81": {
        "mean": 0.707807405092661,
        "stdev": 0.23433099126664061
    },
    "82": {
        "mean": 0.663744535611422,
        "stdev": 0.19891638294386432
    },
    "83": {
        "mean": 0.5932175092545735,
        "stdev": 0.16117867109440087
    },
    "84": {
        "mean": 0.8033451962796593,
        "stdev": 0.25886120522416256
    },
    "85": {
        "mean": 0.7352709442477552,
        "stdev": 0.21980971324925141
    },
    "86": {
        "mean": 0.8845396001370963,
        "stdev": 0.1933129750447717
    },
    "87": {
        "mean": 0.6032712670069531,