{
    "O": {
        "mean": 0.7055205038767735,
        "stdev": 0.07946178366916269
    },
    "C": {
        "mean": 0.7239323409781736,
        "stdev": 0.10194587757349463
    },
    "E": {
        "mean": 0.7558347869733831,
        "stdev": 0.09670117101943877
    },
    "A": {
        "mean": 0.7091510148360115,
        "stdev": 0.09856115051445435
    },
    "N": {
        "mean": 0.733596354650413,
        "stdev": 0.09481987150119922
    }
}