{
    "0": {
        "mean": 0.7032677211273362,
        "stdev": 0.18921694215308185
    },
    "1": {
        "mean": 0.7875579577738807,
        "stdev": 0.2634743010681347
    },
    "2": {
        "mean": 0.8849838905508247,
        "stdev": 0.21190015610321655
    },
    "3": {
        "mean": 0.8200956608502514,
        "stdev": 0.21998341140703592
    },
    "4": {
        "mean": 0.7854385106828378,
        "stdev": 0.27260568554889436
    },
    "5": {
        "mean": 0.9635752733308753,
        "stdev": 0.1157555665829374
    },
    "6": {
        "mean": 0.8056390698063596,
        "stdev": 0.27763724569434967
    },
    "7": {
        "mean": 0.8600072411935065,
        "stdev": 0.2233970936089791
    },
    "8": {
        "mean": 0.7315381324563203,
        "stdev": 0.24628285602028863
    },
    "9": {
        "mean": 0.7464669165390931,
        "stdev": 0.21221152976767302
    },
    "10": {
        "mean": 0.7237076506648807,
        "stdev": 0.2077264273903081
    },
    "11": {
        "mean": 0.7761637900690694,
        "stdev": 0.20792496374734168
    },
    "12": {
        "mean": 0.7768339595092089,
        "stdev": 0.2623336002668081
    },
    "13": {
        "mean": 0.7728017330003818,
        "stdev": 0.26702423180410245
    },
    "14": {
        "mean": 0.8469694190871792,
        "stdev": 0.201631176154985
    },
    "15": {
        "mean": 0.7534689028947419,
        "stdev": 0.1770703646012085
    },
    "16": {
        "mean": 0.872767609623875,
        "stdev": 0.1912139216161773
    },
    "17": {
        "mean": 0.6901003605482462,
        "stdev": 0.21564083247567478
    },
    "18": {
        "mean": 0.7954026656813933,
        "stdev": 0.24713386828136832
    },
    "19": {
        "mean": 0.9029817524595027,
        "stdev": 0.17488538398642017
    },
    "20": {
        "mean": 0.5872344553093282,
        "stdev": 0.19598010030119706
    },
    "21": {
        "mean": 0.8873982831525224,
        "stdev": 0.21750178023392366
    },
    "22": {
        "mean": 0.7992128871474586,
        "stdev": 0.2585432226641317
    },
    "23": {
        "mean": 0.7615477270270137,
        "stdev": 0.27203165669753654
    },
    "24": {
        "mean": 0.8425919678567936,
        "stdev": 0.23754077772716434
    },
    "25": {
        "mean": 0.8409937049780352,
        "stdev": 0.20621976004451043
    },
    "26": {
        "mean": 0.6214721571380333,
        "stdev": 0.26466949060035316
    },
    "27": {
        "mean": 0.8319766660770807,
        "stdev": 0.1558140265857466
    },
    "28": {
        "mean": 0.794001698673408,
        "stdev": 0.23138453276772922
    },
    "29": {
        "mean": 0.5796309163879514,
        "stdev": 0.2084382387676371
    },
    "30": {
        "mean": 0.6513300945671106,
        "stdev": 0.13222554856561738
    },
    "31": {
        "mean": 0.8076150997375213,
        "stdev": 0.3058752312400868
    },
    "32": {
        "mean": 0.8326340723868677,
        "stdev": 0.25305251357817765
    },
    "33": {
        "mean": 0.6784869062607795,
        "stdev": 0.22796237324734075
    },
    "34": {
        "mean": 0.6767061141359592,
        "stdev": 0.3351177918324374
    },
    "35": {
        "mean": 0.961355173398474,
        "stdev": 0.13710635696389248
    },
    "36": {
        "mean": 0.7844585795595593,
        "stdev": 0.2343309428204141
    },
    "37": {
        "mean": 0.803862867581258,
        "stdev": 0.21347543772465094
    },
    "38": {
        "mean": 0.7910930927379013,
        "stdev": 0.24956482399958527
    },
    "39": {
        "mean": 0.7014530846164211,
        "stdev": 0.24471314564446195
    },
    "40": {
        "mean": 0.8118880737042244,
        "stdev": 0.27342379582168885
    },
    "41": {
        "mean": 0.7183277644283541,
        "stdev": 0.21120503651358638
    },
    "42": {
        "mean": 0.8161843368650261,
        "stdev": 0.2038465219705661
    },
    "43": {
        "mean": 0.8239017615205119,
        "stdev": 0.21014448679677575
    },
    "44": {
        "mean": 0.7590867641533945,
        "stdev": 0.23707059708839417
    },
    "45": {
        "mean": 0.9716808691377754,
        "stdev": 0.10860321485764905
    },
    "46": {
        "mean": 0.8589899989691311,
        "stdev": 0.22152025060988656
    },
    "47": {
        "mean": 0.7498508574039966,
        "stdev": 0.21022368474117084
    },
    "48": {
        "mean": 0.7933128771663517,
        "stdev": 0.26649551308017394
    },
    "49": {
        "mean": 0.6945835144437235,
        "stdev": 0.30593556076534784
    },
    "50": {
        "mean": 0.6930621128354946,
        "stdev": 0.20958653263656676
    },
    "51": {
        "mean": 0.7753514410349336,
        "stdev": 0.20091486289197025
    },
    "52": {
        "mean": 0.7270358987629156,
        "stdev": 0.24605530007966947
    },
    "53": {
        "mean": 0.8443712511666496,
        "stdev": 0.257012488747945
    },
    "54": {
        "mean": 0.8030210430250903,
        "stdev": 0.21258002111081012
    },
    "55": {
        "mean": 0.7277141530955515,
        "stdev": 0.24810065387863256
    },
    "56": {
        "mean": 0.9402375184686285,
        "stdev": 0.16557476273041505
    },
    "57": {
        "mean": 0.7259365264373288,
        "stdev": 0.22611603655621337
    },
    "58": {
        "mean": 0.8015425321480814,
        "stdev": 0.22436039903209937
    },
    "59": {
        "mean": 0.7720990027973662,
        "stdev": 0.24366553231560417
    },
    "60": {
        "mean": 0.9353418817314709,
        "stdev": 0.08762294236102328
    },
    "61": {
        "mean": 0.7760393422929125,
        "stdev": 0.21603738999713423
    },
    "62": {
        "mean": 0.8832169785341102,
        "stdev": 0.2210692756209984
    },
    "63": {
        "mean": 0.7655859976619386,
        "stdev": 0.21184947927280107
    },
    "64": {
        "mean": 0.7998284490223533,
        "stdev": 0.273939536384128
    },
    "65": {
        "mean": 0.8446255432786212,
        "stdev": 0.22315883758681723
    },
    "66": {
        "mean": 0.6713045183851165,
        "stdev": 0.21700899586186698
    },
    "67": {
        "mean": 0.82132399424465,
        "stdev": 0.23291439651741955
    },
    "68": {
        "mean": 0.7867324537100615,
        "stdev": 0.2153645053889351
    },
    "69": {
        "mean": 0.8388724742221922,
        "stdev": 0.21385441520111398
    },
    "70": {
        "mean": 0.8256610109529448,
        "stdev": 0.22273901610865976
    },
    "71": {
        "mean": 0.6864653052127049,
        "stdev": 0.20330948682840433
    },
    "72": {
        "mean": 0.7247342472299391,
        "stdev": 0.23335795237970633
    },
    "73": {
        "mean": 0.8733940706154251,
        "stdev": 0.1940039323207929
    },
    "74": {
        "mean": 0.8157825358292199,
        "stdev": 0.22926207315199906
    },
    "75": {
        "mean": 0.7423778903164326,
        "stdev": 0.2242320567770111
    },
    "76": {
        "mean": 0.7750467980002365,
        "stdev": 0.2652445546004199
    },
    "77": {
        "mean": 0.7863123859697677,
        "stdev": 0.25098308710891976
    },
    "78": {
        "mean": 0.9401108342103969,
        "stdev": 0.16123956348692742
    },
    "79": {
        "mean": 0.5749526152892899,
        "stdev": 0.26949358931229667
    },
    "80": {
        "mean": 0.7510425276956645,
        "stdev": 0.20705960263013137
    },
    "81": {
        "mean": 0.7487091073210972,
        "stdev": 0.23472894892889665
    },
    "82": {
        "mean": 0.7650813553871079,
        "stdev": 0.20339833523448428
    },
    "83": {
        "mean": 0.6403272753495781,
        "stdev": 0.21154615252979517
    },
    "84": {
        "mean": 0.7125922979799321,
        "stdev": 0.24418367814848813
    },
    "85": {
        "mean": 0.8060802477897295,
        "stdev": 0.22315382681781634
    },
    "86": {
        "mean": 0.871869790770913,
        "stdev": 0.22501949512646063
    },