{
    "O": {
        "mean": 0.7697401692105457,
        "stdev": 0.07674068634082247
    },
    "C": {
        "mean": 0.75073715875011,
        "stdev": 0.08015574403164107
    },
    "E": {
        "mean": 0.7650046977044562,
        "stdev": 0.08495967477902207
    },
    "A": {
        "mean": 0.7653920007052442,
        "stdev": 0.07261133082570315
    },
    "N": {
        "mean": 0.8055481964122784,
        "stdev": 0.09753318658788197
    }
}