{
    "O": {
        "mean": 0.13485230990753885,
        "stdev": 0.5199874678370182
    },
    "C": {
        "mean": 0.02052112886429615,
        "stdev": 0.7150303968685047
    },
    "E": {
        "mean": -0.19130677104261243,
        "stdev": 0.4183246290449541
    },
    "A": {
        "mean": -0.05052942185366192,
        "stdev": 0.5534377690845305
    },
    "N": {
        "mean": -0.08711835955803811,
        "stdev": 0.5418160083503231
    }
}