{
    "0": {
        "mean": -0.611645435909195,
        "stdev": 0.7392114771193602
    },
    "1": {
        "mean": 0.5122918365476289,
        "stdev": 0.8394027676626937
    },
    "2": {
        "mean": 0.7257108127832907,
        "stdev": 0.6596130664292501
    },
    "3": {
        "mean": 0.6389686693398108,
        "stdev": 0.7420153455782045
    },
    "4": {
        "mean": 0.7215827183836518,
        "stdev": 0.6587482410602384
    },
    "5": {
        "mean": -0.8730965372658102,
        "stdev": 0.43232002388214286
    },
    "6": {
        "mean": 0.5140673799067008,
        "stdev": 0.8237903477379308
    },
    "7": {
        "mean": 0.8622042577135289,
        "stdev": 0.4899640282557012
    },
    "8": {
        "mean": -0.08892090322460718,
        "stdev": 0.8946596900082149
    },
    "9": {
        "mean": 0.2221174506517491,
        "stdev": 0.9298971583076552
    },
    "10": {
        "mean": -0.7945864569272817,
        "stdev": 0.5803637368699209
    },
    "11": {
        "mean": 0.4184797664064172,
        "stdev": 0.8874945861792749
    },
    "12": {
        "mean": 0.6035821324333301,
        "stdev": 0.7537525937430739
    },
    "13": {
        "mean": 0.5557656549883541,
        "stdev": 0.8076646772084473
    },
    "14": {
        "mean": 0.5443099973746212,
        "stdev": 0.8239298262732484
    },
    "15": {
        "mean": -0.810320817312022,
        "stdev": 0.5666039018790456
    },
    "16": {
        "mean": -0.2536966551927617,
        "stdev": 0.598437634777329
    },
    "17": {
        "mean": 0.29488594570593707,
        "stdev": 0.8939682119412491
    },
    "18": {
        "mean": 0.7492031115710415,
        "stdev": 0.6045314875794444
    },
    "19": {
        "mean": 0.7425800252456974,
        "stdev": 0.6641813043237832
    },
    "20": {
        "mean": -0.012687819778620905,
        "stdev": 0.9007102133643681
    },
    "21": {
        "mean": 0.7365891334510161,
        "stdev": 0.6487007886363438
    },
    "22": {
        "mean": 0.71834557191145,
        "stdev": 0.6613515648607086
    },
    "23": {
        "mean": 0.44295249810857057,
        "stdev": 0.8690106156345974
    },
    "24": {
        "mean": 0.7767400159895623,
        "stdev": 0.6067243144140774
    },
    "25": {
        "mean": -0.7901132224826506,
        "stdev": 0.5730600481546675
    },
    "26": {
        "mean": -0.187109664042473,
        "stdev": 0.9599126678707549
    },
    "27": {
        "mean": 0.3721415987814908,
        "stdev": 0.8537445367120917
    },
    "28": {
        "mean": 0.28682981826885223,
        "stdev": 0.8940147135402075
    },
    "29": {
        "mean": -0.15027508074505022,
        "stdev": 0.8539212188113842
    },
    "30": {
        "mean": 0.09150288781245763,
        "stdev": 0.9795724490149438
    },
    "31": {
        "mean": 0.7929770443041707,
        "stdev": 0.5901243632793932
    },
    "32": {
        "mean": 0.637220180296863,
        "stdev": 0.7467989770541452
    },
    "33": {
        "mean": -0.0399295178929242,
        "stdev": 0.9910836779143988
    },
    "34": {
        "mean": 0.37952601877648706,
        "stdev": 0.9020881593058564
    },
    "35": {
        "mean": -0.9531186163454913,
        "stdev": 0.2784004312717652
    },
    "36": {
        "mean": 0.3889484725166039,
        "stdev": 0.8860102152439486
    },
    "37": {
        "mean": 0.8012260748455811,
        "stdev": 0.5932992523265674
    },
    "38": {
        "mean": -0.5425920259100167,
        "stdev": 0.7852010170843703
    },
    "39": {
        "mean": -0.6978247187857414,
        "stdev": 0.6608751918797706
    },
    "40": {
        "mean": -0.6990714338889302,
        "stdev": 0.7040027891086144
    },
    "41": {
        "mean": 0.30381481649819764,
        "stdev": 0.891647744993276
    },
    "42": {
        "mean": 0.48579998955854536,
        "stdev": 0.833251015218812
    },
    "43": {
        "mean": 0.09230705560956266,
        "stdev": 0.9207906506376196
    },
    "44": {
        "mean": 0.29997499806624545,
        "stdev": 0.9355739374771276
    },
    "45": {
        "mean": -0.9700957971442403,
        "stdev": 0.1980438783844956
    },
    "46": {
        "mean": 0.6061428326482928,
        "stdev": 0.7208984284652561
    },
    "47": {
        "mean": -0.5208823524646141,
        "stdev": 0.812209098704515
    },
    "48": {
        "mean": -0.47430816761490857,
        "stdev": 0.8542262737275457
    },
    "49": {
        "mean": 0.3711783194049349,
        "stdev": 0.9154210727231608
    },
    "50": {
        "mean": 0.1353249061603492,
        "stdev": 0.9212326917397576
    },
    "51": {
        "mean": 0.6680593093274001,
        "stdev": 0.7112138315362182
    },
    "52": {
        "mean": -0.37771384487576143,
        "stdev": 0.9022323089810333
    },
    "53": {
        "mean": 0.7840544410090297,
        "stdev": 0.6103047941913041
    },
    "54": {
        "mean": 0.366820875697631,
        "stdev": 0.8917952751334757
    },
    "55": {
        "mean": 0.024809184647710935,
        "stdev": 0.9556279469496285
    },
    "56": {
        "mean": 0.7185491262051437,
        "stdev": 0.6915724865048053
    },
    "57": {
        "mean": 0.06273602007859154,
        "stdev": 0.9316056531284651
    },
    "58": {
        "mean": -0.3645689196878448,
        "stdev": 0.8253617477592505
    },
    "59": {
        "mean": -0.7557405608750196,
        "stdev": 0.6338295676248089
    },
    "60": {
        "mean": -0.7548594211618184,
        "stdev": 0.6289628730319101
    },
    "61": {
        "mean": -0.5378493506649101,
        "stdev": 0.8103214305680674
    },
    "62": {
        "mean": 0.5852449532510946,
        "stdev": 0.7875538639957399
    },
    "63": {
        "mean": 0.41490363318484014,
        "stdev": 0.8960393336065264
    },
    "64": {
        "mean": 0.6204273340796863,
        "stdev": 0.762896498500903
    },
    "65": {
        "mean": -0.7404421784795341,
        "stdev": 0.6504203013157033
    },
    "66": {
        "mean": -0.34248867909471303,
        "stdev": 0.9112322274271596
    },
    "67": {
        "mean": -0.8580367469335033,
        "stdev": 0.5064709827260224
    },
    "68": {
        "mean": 0.20940800616244815,
        "stdev": 0.8797280443067634
    },
    "69": {
        "mean": -0.919178907147143,
        "stdev": 0.3829580810118988
    },
    "70": {
        "mean": -0.8370651381542484,
        "stdev": 0.5415094157555218
    },
    "71": {
        "mean": 0.4438737843596755,
        "stdev": 0.8665702839326342
    },
    "72": {
        "mean": 0.36247072317419227,
        "stdev": 0.8413269355707648
    },
    "73": {
        "mean": -0.9092621731365944,
        "stdev": 0.3418109773799927
    },
    "74": {
        "mean": -0.5420341402399208,
        "stdev": 0.6810568292155009
    },
    "75": {
        "mean": -0.29705883883892964,
        "stdev": 0.9162018140821141
    },
    "76": {
        "mean": 0.3205101630332138,
        "stdev": 0.9038161989563843
    },
    "77": {
        "mean": -0.588204868011344,
        "stdev": 0.7909987043676032
    },
    "78": {
        "mean": -0.9483558938390343,
        "stdev": 0.29425082113484907
    },
    "79": {
        "mean": -0.18017645156985965,
        "stdev": 0.9333035609623257
    },
    "80": {
        "mean": 0.5913791893911912,
        "stdev": 0.7608257088269075
    },
    "81": {
        "mean": 0.6709823340702861,
        "stdev": 0.6977138377564385
    },
    "82": {
        "mean": -0.8184421182531151,
        "stdev": 0.5543899123403435
    },
    "83": {
        "mean": -0.02051564761368354,
        "stdev": 0.9938934580088534
    },
    "84": {
        "mean": -0.46788371850692784,
        "stdev": 0.844625777982919
    },
    "85": {
        "mean": -0.8396430431588305,
        "stdev": 0.532454105583311
    },
    "86": {
        "mean": 0.8520412885791302,
        "stdev": 0.4826866435273824
    },