{
    "O": {
        "mean": 0.7890441654896708,
        "stdev": 0.08714491947433597
    },
    "C": {
        "mean": 0.773048952435771,
        "stdev": 0.11665621836066487
    },
    "E": {
        "mean": 0.8045449601188842,
        "stdev": 0.07314630272364957
    },
    "A": {
        "mean": 0.8396244616410916,
        "stdev": 0.07371703591031302
    },
    "N": {
        "mean": 0.8408644311090123,
        "stdev": 0.1068517902290605
    }
}